{"accuracy": [0.6565523147583008, 0.7612137198448181, 0.8197009563446045, 0.8069481253623962, 0.8355321288108826, 0.8447669148445129, 0.8232190012931824, 0.8350923657417297, 0.7620932459831238, 0.857519805431366, 0.8755496740341187, 0.8988566398620605, 0.8997361660003662, 0.9102902412414551, 0.8883025646209717, 0.8997361660003662, 0.9309586882591248, 0.8992964029312134, 0.9204045534133911, 0.9226033687591553, 0.9102902412414551, 0.9155672788619995, 0.9371151924133301, 0.9419525265693665, 0.9256815910339355, 0.9265611171722412, 0.9450308084487915, 0.9489885568618774, 0.9353561997413635, 0.9529463648796082, 0.9190853238105774, 0.9560246467590332, 0.9371151924133301, 0.9349164366722107, 0.9375549554824829, 0.9494283199310303, 0.9494283199310303, 0.9344766736030579, 0.9252418875694275, 0.9503078460693359, 0.9582234025001526, 0.9432717561721802, 0.9617414474487305, 0.9485487937927246, 0.9459102749824524, 0.963500440120697, 0.9718557596206665, 0.960422158241272, 0.9709762334823608, 0.9718557596206665, 0.9722955226898193, 0.960422158241272, 0.9595426321029663, 0.9507476091384888, 0.9423922896385193, 0.8847845196723938, 0.9463500380516052, 0.9621811509132385, 0.9423922896385193, 0.9665787220001221, 0.9722955226898193, 0.9560246467590332, 0.9564643502235413, 0.9547053575515747, 0.9190853238105774, 0.9652594327926636, 0.9577836394309998, 0.9551451206207275, 0.9102902412414551, 0.9551451206207275, 0.9591029286384583], "loss": [9.39333724975586, 6.47480583190918, 4.958544731140137, 4.7082905769348145, 3.9794890880584717, 3.5347235202789307, 3.8084716796875, 3.279837131500244, 4.78837251663208, 3.0209298133850098, 2.7088916301727295, 2.203643560409546, 2.2104268074035645, 1.9702208042144775, 2.598839044570923, 2.1450397968292236, 1.5273014307022095, 2.1484179496765137, 1.6714423894882202, 1.660228967666626, 2.0377190113067627, 1.8094232082366943, 1.5293517112731934, 1.3512142896652222, 1.6916779279708862, 1.5416176319122314, 1.2173351049423218, 1.1560560464859009, 1.428554892539978, 1.161336898803711, 1.936064600944519, 1.1614958047866821, 1.4530136585235596, 1.461281418800354, 1.3096510171890259, 1.1424870491027832, 1.330142855644226, 1.675692081451416, 1.8138498067855835, 1.2147483825683594, 1.0539779663085938, 1.1710067987442017, 0.9078184366226196, 1.1613762378692627, 1.2649608850479126, 1.042147159576416, 0.827897846698761, 0.9169577360153198, 0.7612311244010925, 0.6439259648323059, 0.6483665108680725, 0.7929621338844299, 0.8407379388809204, 1.1346566677093506, 1.4018042087554932, 2.590013027191162, 1.3470571041107178, 1.037022352218628, 1.4090704917907715, 0.9288724064826965, 0.7770726680755615, 1.093455195426941, 1.0275537967681885, 1.008151650428772, 1.7786054611206055, 0.87539142370224, 1.052037239074707, 1.0910544395446777, 2.0828492641448975, 1.1559897661209106, 1.1425668001174927], "val_accuracy": [0.5256916880607605, 0.687747061252594, 0.7628458738327026, 0.6047430634498596, 0.7233201861381531, 0.8814229369163513, 0.46640315651893616, 0.24901185929775238, 0.747035562992096, 0.5652173757553101, 0.8142292499542236, 0.731225311756134, 0.7114624381065369, 0.5256916880607605, 0.8577075004577637, 0.8142292499542236, 0.8616600632667542, 0.8735178112983704, 0.7667984366416931, 0.7588932514190674, 0.5810276865959167, 0.7865612506866455, 0.8735178112983704, 0.8932806253433228, 0.5770751237869263, 0.8023715615272522, 0.9011857509613037, 0.8735178112983704, 0.7351778745651245, 0.9249011874198914, 0.8418972492218018, 0.8853754997253418, 0.7944663763046265, 0.8300395011901855, 0.8656126260757446, 0.9090909361839294, 0.8498023748397827, 0.4940711557865143, 0.8735178112983704, 0.9051383137702942, 0.8735178112983704, 0.8853754997253418, 0.9209486246109009, 0.8932806253433228, 0.8656126260757446, 0.8893280625343323, 0.8853754997253418, 0.8379446864128113, 0.8577075004577637, 0.8063241243362427, 0.9209486246109009, 0.9090909361839294, 0.9525691866874695, 0.8577075004577637, 0.5256916880607605, 0.7272727489471436, 0.7944663763046265, 0.8181818127632141, 0.8932806253433228, 0.9130434989929199, 0.8498023748397827, 0.9051383137702942, 0.8853754997253418, 0.8932806253433228, 0.7944663763046265, 0.8695651888847351, 0.8774703741073608, 0.33992093801498413, 0.8418972492218018, 0.8221343755722046, 0.8221343755722046], "val_loss": [34.828834533691406, 10.354764938354492, 8.846711158752441, 21.51478385925293, 6.149668216705322, 5.140093803405762, 11.65805435180664, 41.13111114501953, 5.509664535522461, 12.345015525817871, 7.225406646728516, 7.980318069458008, 6.5038251876831055, 13.912690162658691, 5.045538902282715, 4.158018589019775, 3.4404726028442383, 2.437758207321167, 9.722442626953125, 6.4354963302612305, 16.449193954467773, 4.730599403381348, 3.57472825050354, 5.018472194671631, 12.62157154083252, 4.690184593200684, 1.841704249382019, 3.798642158508301, 5.491573333740234, 2.2453396320343018, 5.568995475769043, 3.4879822731018066, 8.039016723632812, 5.950092315673828, 3.217263698577881, 2.778029680252075, 4.137201309204102, 15.209796905517578, 5.552639484405518, 2.7445616722106934, 7.228826522827148, 3.6735527515411377, 3.0457091331481934, 4.776150226593018, 4.026425361633301, 3.692772388458252, 3.298431634902954, 4.614049434661865, 3.8317267894744873, 6.932568073272705, 2.298776865005493, 2.178659677505493, 3.894043207168579, 5.345148086547852, 24.07419776916504, 9.083611488342285, 7.815032482147217, 5.155046463012695, 4.207233905792236, 3.259303331375122, 4.951320648193359, 3.2777817249298096, 4.896937370300293, 2.8003649711608887, 3.52707576751709, 4.262567043304443, 4.093798637390137, 39.375205993652344, 3.9520909786224365, 5.823877811431885, 3.7345666885375977]}