{"accuracy": [0.6649076342582703, 0.7537379264831543, 0.7783641219139099, 0.8218997120857239, 0.8131046891212463, 0.8636763691902161, 0.8619173169136047, 0.8957783579826355, 0.8992964029312134, 0.7660509943962097, 0.8364115953445435, 0.8350923657417297, 0.8821460008621216, 0.8979771137237549, 0.8966578841209412, 0.9045734405517578, 0.913808286190033, 0.8790677189826965, 0.9173262715339661, 0.9076517224311829, 0.9331574440002441, 0.9428319931030273, 0.9371151924133301, 0.9441512823104858, 0.9221636056900024, 0.9327176809310913, 0.9089709520339966, 0.9160070419311523, 0.9357959628105164, 0.9560246467590332, 0.9058927297592163, 0.9107300043106079, 0.8979771137237549, 0.9155672788619995, 0.9028144478797913, 0.9256815910339355, 0.9283201694488525, 0.9186455607414246, 0.9173262715339661, 0.9327176809310913, 0.9388742446899414, 0.9296393990516663, 0.887423038482666, 0.9058927297592163, 0.9305189251899719, 0.9384344816207886, 0.9564643502235413, 0.9309586882591248, 0.9265611171722412, 0.9621811509132385, 0.9529463648796082, 0.9564643502235413, 0.9450308084487915, 0.9428319931030273, 0.9463500380516052, 0.9476693272590637, 0.9476693272590637, 0.9696570038795471, 0.9736147522926331, 0.9630606770515442, 0.9393140077590942, 0.916886568069458, 0.9472295641899109, 0.9577836394309998, 0.9489885568618774, 0.963500440120697, 0.9656991958618164, 0.9656991958618164, 0.9463500380516052, 0.9520668387413025, 0.9674582481384277, 0.9595426321029663, 0.9595426321029663, 0.9661389589309692, 0.9586631655693054, 0.9516270756721497, 0.9591029286384583, 0.970536470413208, 0.9753738045692444, 0.9784520864486694, 0.9450308084487915, 0.9683377146720886, 0.9692172408103943, 0.9837291240692139, 0.970536470413208, 0.9806508421897888, 0.9529463648796082, 0.9656991958618164, 0.9542655944824219, 0.9626209139823914, 0.9700967669487, 0.9722955226898193, 0.9357959628105164, 0.9696570038795471, 0.9670184850692749, 0.9793315529823303, 0.9630606770515442, 0.9806508421897888, 0.9384344816207886, 0.9661389589309692, 0.9709762334823608, 0.9758135676383972, 0.963500440120697, 0.980211079120636], "loss": [359.6365051269531, 264.3333740234375, 260.38287353515625, 193.71527099609375, 201.30081176757812, 150.1884307861328, 160.9512176513672, 114.90550231933594, 104.81996154785156, 270.8507995605469, 187.0510711669922, 183.4336700439453, 124.93251037597656, 108.10537719726562, 107.94245147705078, 97.19501495361328, 107.74138641357422, 149.3974609375, 81.78157043457031, 95.64079284667969, 69.19112396240234, 60.18386459350586, 65.66993713378906, 53.964393615722656, 82.40148162841797, 70.45745849609375, 101.67185974121094, 86.1544418334961, 66.55223083496094, 39.6898307800293, 109.54119873046875, 92.53478240966797, 117.21454620361328, 93.71127319335938, 99.70987701416016, 83.15784454345703, 73.1031265258789, 89.11165618896484, 88.7151870727539, 81.56156921386719, 65.67971801757812, 76.9512710571289, 126.88726043701172, 98.25716400146484, 76.37662506103516, 61.52346420288086, 43.13163375854492, 73.92286682128906, 77.03887939453125, 38.51141357421875, 50.35920333862305, 45.28172302246094, 60.87295913696289, 58.61759948730469, 57.03359603881836, 49.51431655883789, 55.96713638305664, 27.86220932006836, 25.642898559570312, 37.77124786376953, 71.67649841308594, 89.20063781738281, 56.618595123291016, 46.6018180847168, 54.14622116088867, 39.3875732421875, 35.276458740234375, 33.87139129638672, 65.31644439697266, 48.41082763671875, 36.890987396240234, 40.0969123840332, 44.6834602355957, 37.45128631591797, 39.79447555541992, 49.091522216796875, 39.370452880859375, 29.056188583374023, 27.309782028198242, 19.80718421936035, 73.95245361328125, 35.792850494384766, 30.964418411254883, 17.754037857055664, 30.16868019104004, 21.418079376220703, 60.38546371459961, 37.049530029296875, 44.49271011352539, 48.738372802734375, 28.231412887573242, 33.824974060058594, 72.76478576660156, 31.83540916442871, 37.9421272277832, 26.78055763244629, 40.501461029052734, 22.97727394104004, 71.5140151977539, 36.17311096191406, 34.75840377807617, 25.3266544342041, 40.866397857666016, 25.487308502197266], "val_accuracy": [0.5375494360923767, 0.5335968136787415, 0.46640315651893616, 0.6442687511444092, 0.5928853750228882, 0.7351778745651245, 0.7707509994506836, 0.782608687877655, 0.8616600632667542, 0.4545454680919647, 0.731225311756134, 0.8102766871452332, 0.8498023748397827, 0.8616600632667542, 0.790513813495636, 0.8656126260757446, 0.739130437374115, 0.8221343755722046, 0.7984189987182617, 0.7588932514190674, 0.8498023748397827, 0.8339921236038208, 0.8814229369163513, 0.9011857509613037, 0.8418972492218018, 0.7114624381065369, 0.8498023748397827, 0.8260869383811951, 0.8498023748397827, 0.9011857509613037, 0.790513813495636, 0.6719367504119873, 0.8300395011901855, 0.6561264991760254, 0.8458498120307922, 0.7944663763046265, 0.8893280625343323, 0.7193675637245178, 0.8577075004577637, 0.8458498120307922, 0.8893280625343323, 0.4466403126716614, 0.5612648129463196, 0.7075098752975464, 0.8577075004577637, 0.8616600632667542, 0.9011857509613037, 0.8300395011901855, 0.8735178112983704, 0.8972331881523132, 0.8853754997253418, 0.9169960618019104, 0.8260869383811951, 0.8695651888847351, 0.6640316247940063, 0.7351778745651245, 0.9051383137702942, 0.8932806253433228, 0.9011857509613037, 0.9090909361839294, 0.4308300316333771, 0.7035573124885559, 0.8418972492218018, 0.8616600632667542, 0.8458498120307922, 0.9090909361839294, 0.8932806253433228, 0.9209486246109009, 0.7193675637245178, 0.8735178112983704, 0.7509881258010864, 0.8656126260757446, 0.8339921236038208, 0.9367588758468628, 0.8774703741073608, 0.8774703741073608, 0.8498023748397827, 0.8972331881523132, 0.9328063130378723, 0.8814229369163513, 0.8023715615272522, 0.9130434989929199, 0.8972331881523132, 0.9011857509613037, 0.9169960618019104, 0.9169960618019104, 0.8972331881523132, 0.7193675637245178, 0.8972331881523132, 0.9011857509613037, 0.9367588758468628, 0.8498023748397827, 0.8339921236038208, 0.9011857509613037, 0.8893280625343323, 0.9328063130378723, 0.8379446864128113, 0.7588932514190674, 0.8142292499542236, 0.8893280625343323, 0.9288537502288818, 0.8142292499542236, 0.9051383137702942, 0.8893280625343323],