{"accuracy": [0.43799471855163574, 0.6081793904304504, 0.6350044012069702, 0.7308707237243652, 0.7445030808448792, 0.7735268473625183, 0.7669305205345154, 0.8003517985343933, 0.8249779939651489, 0.7704485654830933, 0.8047493696212769, 0.8465259671211243, 0.8566402792930603, 0.8452066779136658, 0.8663148880004883, 0.843887448310852, 0.8619173169136047, 0.8562005162239075, 0.8869832754135132, 0.8680738806724548, 0.864555835723877, 0.8927000761032104, 0.8918206095695496, 0.8913808465003967, 0.8724713921546936, 0.8852242827415466, 0.8830255270004272, 0.8909410834312439, 0.897097647190094, 0.9256815910339355, 0.9212840795516968, 0.9160070419311523, 0.8922603130340576, 0.9300791621208191, 0.9164468050003052, 0.8935796022415161, 0.8680738806724548, 0.9230430722236633, 0.9014951586723328, 0.9256815910339355, 0.9142480492591858, 0.9265611171722412, 0.913808286190033, 0.9256815910339355, 0.9459102749824524, 0.920844316482544, 0.9472295641899109, 0.9296393990516663, 0.9226033687591553, 0.9287598729133606, 0.9111697673797607, 0.9322779178619385, 0.9459102749824524, 0.934036910533905, 0.8913808465003967, 0.9410730004310608, 0.9401934742927551, 0.9520668387413025, 0.9401934742927551, 0.9410730004310608, 0.9182057976722717, 0.9261213541030884, 0.9423922896385193, 0.9463500380516052, 0.9656991958618164, 0.9714159965515137, 0.9577836394309998, 0.8531222343444824, 0.9111697673797607, 0.8522427678108215, 0.8861038088798523, 0.9006156325340271, 0.9256815910339355, 0.9423922896385193, 0.9445910453796387, 0.940633237361908, 0.8891820311546326, 0.9173262715339661, 0.9313983917236328, 0.953825831413269, 0.9595426321029663, 0.9551451206207275, 0.9142480492591858, 0.9379947185516357, 0.9393140077590942, 0.9591029286384583], "loss": [12.251665115356445, 8.986427307128906, 7.6926140785217285, 5.872385025024414, 5.5170745849609375, 4.925507068634033, 4.788430690765381, 4.020852088928223, 3.645693302154541, 4.652643203735352, 3.913968086242676, 3.2081363201141357, 2.986574172973633, 3.1163740158081055, 2.7010490894317627, 3.146904468536377, 2.9896693229675293, 2.866579055786133, 2.2574915885925293, 2.5473082065582275, 2.599015712738037, 2.1021108627319336, 2.2801167964935303, 2.2168030738830566, 2.6576104164123535, 2.3994760513305664, 2.3674230575561523, 2.258277654647827, 2.0255491733551025, 1.4946929216384888, 1.7026879787445068, 1.5315552949905396, 2.289821147918701, 1.504835844039917, 1.6889773607254028, 2.340839385986328, 3.046485185623169, 1.7135298252105713, 2.0628035068511963, 1.6182293891906738, 2.0044870376586914, 1.761607050895691, 1.8835810422897339, 1.4965347051620483, 1.2180213928222656, 1.5981438159942627, 1.1739243268966675, 1.499214768409729, 1.6373625993728638, 1.401659607887268, 2.0162084102630615, 1.5017882585525513, 1.324731707572937, 1.4620469808578491, 2.3862831592559814, 1.4765734672546387, 1.5386589765548706, 1.2240360975265503, 1.4007024765014648, 1.3574087619781494, 1.7772293090820312, 1.6317663192749023, 1.408614993095398, 1.171309471130371, 0.8352372646331787, 0.7180021405220032, 0.9625605940818787, 2.843883991241455, 1.7455663681030273, 2.608219861984253, 2.154123306274414, 1.7762006521224976, 1.543164610862732, 1.187854290008545, 1.2429991960525513, 1.3382222652435303, 2.1078438758850098, 1.7038081884384155, 1.4738132953643799, 0.9637404084205627, 0.9048287272453308, 0.9867883920669556, 1.8964934349060059, 1.4392791986465454, 1.2358336448669434, 1.0735950469970703], "val_accuracy": [0.3636363744735718, 0.47035571932792664, 0.5494071245193481, 0.7114624381065369, 0.6205533742904663, 0.3280632495880127, 0.7509881258010864, 0.6521739363670349, 0.5573122501373291, 0.782608687877655, 0.7628458738327026, 0.782608687877655, 0.8498023748397827, 0.8260869383811951, 0.7075098752975464, 0.7747035622596741, 0.49802371859550476, 0.7865612506866455, 0.8695651888847351, 0.8023715615272522, 0.7944663763046265, 0.8656126260757446, 0.5059288740158081, 0.5138339996337891, 0.7984189987182617, 0.7707509994506836, 0.7035573124885559, 0.8102766871452332, 0.8339921236038208, 0.8537549376487732, 0.8379446864128113, 0.6403161883354187, 0.6482213735580444, 0.8972331881523132, 0.8181818127632141, 0.3241106867790222, 0.7272727489471436, 0.7944663763046265, 0.7233201861381531, 0.8458498120307922, 0.8339921236038208, 0.8379446864128113, 0.7588932514190674, 0.8774703741073608, 0.7865612506866455, 0.8972331881523132, 0.8972331881523132, 0.7944663763046265, 0.8893280625343323, 0.687747061252594, 0.8458498120307922, 0.8260869383811951, 0.8379446864128113, 0.5928853750228882, 0.7114624381065369, 0.8339921236038208, 0.8695651888847351, 0.8221343755722046, 0.8458498120307922, 0.8300395011901855, 0.7430830001831055, 0.8616600632667542, 0.8498023748397827, 0.8853754997253418, 0.8458498120307922, 0.8853754997253418, 0.8695651888847351, 0.6719367504119873, 0.7984189987182617, 0.5019763112068176, 0.7509881258010864, 0.8853754997253418, 0.7509881258010864, 0.8616600632667542, 0.8339921236038208, 0.8616600632667542, 0.7430830001831055, 0.8063241243362427, 0.8656126260757446, 0.7865612506866455, 0.8260869383811951, 0.790513813495636, 0.6679841876029968, 0.8616600632667542, 0.529644250869751, 0.8735178112983704], "val_loss": [33.84794616699219, 14.250189781188965, 8.320097923278809, 7.648986339569092, 7.82617712020874, 24.728260040283203, 5.209319114685059, 16.305326461791992, 11.386466979980469, 5.634408473968506, 5.231986045837402, 6.348160743713379, 3.4610249996185303, 4.925492763519287, 6.206889629364014, 5.919078826904297, 12.231953620910645, 3.8706576824188232, 2.851238489151001, 4.655928611755371, 4.304005146026611, 3.4473655223846436, 14.081186294555664, 39.6699104309082, 7.439208507537842, 6.118681907653809, 6.9176788330078125, 3.670114040374756, 4.341797828674316, 3.9166219234466553, 4.827450275421143, 10.600747108459473, 10.72096061706543, 2.6051008701324463, 3.715144157409668, 37.39005661010742, 6.098379135131836, 5.1458024978637695, 6.857829570770264, 4.664371490478516, 4.8264923095703125, 3.489406108856201, 6.427601337432861, 3.9468884468078613, 5.903470516204834, 2.756028413772583, 3.349048137664795, 5.76667594909668, 2.60899019241333, 6.284398078918457, 4.117263317108154, 5.146379470825195, 3.602433681488037, 11.098995208740234, 6.824164867401123, 3.8347702026367188, 3.0233592987060547, 5.346789360046387, 4.501232624053955, 4.595113754272461, 8.314440727233887, 3.2577788829803467, 3.925410270690918, 2.9723904132843018, 3.394042491912842, 3.0838966369628906, 3.438746213912964, 10.924160957336426, 4.094310760498047, 11.618793487548828, 5.841944217681885, 3.2593910694122314, 6.149468898773193, 4.10697078704834, 4.406947135925293, 3.2588417530059814, 6.110474586486816, 4.64194393157959, 3.4773099422454834, 5.488908767700195, 6.4689860343933105, 7.500893592834473, 9.513482093811035, 4.491199970245361, 21.972084045410156, 3.9413158893585205]}