{"accuracy": [0.15655232965946198, 0.17678099870681763, 0.19261214137077332, 0.1789797693490982, 0.1789797693490982, 0.17941953241825104, 0.17326296865940094, 0.15039578080177307, 0.1481970101594925, 0.14643798768520355, 0.1103781908750534, 0.08927001059055328, 0.0967458188533783, 0.0857519805431366, 0.0699208453297615, 0.06596305966377258, 0.05892699956893921, 0.05848724767565727, 0.05804749205708504, 0.056288477033376694, 0.05892699956893921, 0.06332454085350037, 0.06684257090091705], "loss": [6.717853546142578, 7.031503677368164, 6.609402656555176, 6.745665550231934, 6.547291278839111, 6.462313175201416, 6.205462455749512, 5.671819686889648, 5.993504524230957, 5.663081169128418, 5.077663898468018, 4.501378059387207, 4.589163303375244, 3.7596333026885986, 3.5843141078948975, 3.514719247817993, 3.4975476264953613, 4.632333278656006, 6.160511016845703, 7.467451572418213, 7.903166770935059, 6.967817306518555, 6.10491943359375], "val_accuracy": [0.21739129722118378, 0.20158103108406067, 0.20158103108406067, 0.15810276567935944, 0.15810276567935944, 0.15810276567935944, 0.15810276567935944, 0.15810276567935944, 0.1620553433895111, 0.05533596873283386, 0.05533596873283386, 0.05533596873283386, 0.05533596873283386, 0.05533596873283386, 0.05533596873283386, 0.05533596873283386, 0.05533596873283386, 0.05533596873283386, 0.05533596873283386, 0.05533596873283386, 0.05533596873283386, 0.05533596873283386, 0.05533596873283386], "val_loss": [6.977270126342773, 7.248593807220459, 7.072349548339844, 3.928858995437622, 9.024123191833496, 6.725709438323975, 3.6951606273651123, 4.411189556121826, 3.8712315559387207, 4.322125434875488, 4.309858798980713, 2.2784781455993652, 4.419739246368408, 2.2927486896514893, 2.17385196685791, 1.9873143434524536, 1.7728534936904907, 1.305851936340332, 15.226184844970703, 12.550522804260254, 9.269458770751953, 6.419707775115967, 4.375858306884766]}