{"accuracy": [0.6191732883453369, 0.6983289122581482, 0.7792436480522156, 0.8236587643623352, 0.8197009563446045, 0.8245382308959961, 0.8456464409828186, 0.8381706476211548, 0.850923478603363, 0.8715919256210327, 0.8746702075004578, 0.8869832754135132, 0.8918206095695496, 0.8795074820518494, 0.9160070419311523, 0.8504837155342102, 0.8755496740341187, 0.8751099109649658, 0.8900615572929382, 0.9019349217414856, 0.9014951586723328, 0.9204045534133911, 0.9401934742927551, 0.9111697673797607, 0.8922603130340576, 0.9234828352928162, 0.8896217942237854, 0.8909410834312439, 0.920844316482544, 0.9160070419311523, 0.9357959628105164, 0.9173262715339661, 0.9393140077590942, 0.870712399482727, 0.9190853238105774, 0.9305189251899719, 0.9116094708442688, 0.9151275157928467, 0.9076517224311829, 0.9063324332237244, 0.9252418875694275, 0.9296393990516663, 0.9379947185516357], "loss": [3.6486659049987793, 1.7794814109802246, 1.0723083019256592, 0.7409604787826538, 0.7064773440361023, 0.6637030243873596, 0.5681252479553223, 0.561107337474823, 0.5454167723655701, 0.4759649336338043, 0.44791045784950256, 0.4119524657726288, 0.39983078837394714, 0.4418187439441681, 0.33439525961875916, 0.5397951602935791, 0.4378189742565155, 0.46656814217567444, 0.405714213848114, 0.3755795359611511, 0.3861212730407715, 0.3322218954563141, 0.23730136454105377, 0.34105345606803894, 0.43188706040382385, 0.29105669260025024, 0.4070713520050049, 0.42281684279441833, 0.32768750190734863, 0.33289897441864014, 0.28070950508117676, 0.3074567914009094, 0.2517464756965637, 0.4926556646823883, 0.3340388238430023, 0.27785566449165344, 0.35396188497543335, 0.3529450595378876, 0.39762192964553833, 0.3688945174217224, 0.2894716262817383, 0.2759474217891693, 0.26433300971984863], "val_accuracy": [0.2648221254348755, 0.2292490154504776, 0.19367589056491852, 0.16996046900749207, 0.2134387344121933, 0.3122529685497284, 0.3754940629005432, 0.1818181872367859, 0.3636363744735718, 0.2292490154504776, 0.20158103108406067, 0.1462450623512268, 0.25296443700790405, 0.24901185929775238, 0.25691699981689453, 0.22529643774032593, 0.32015809416770935, 0.2648221254348755, 0.28458496928215027, 0.4071146249771118, 0.260869562625885, 0.4466403126716614, 0.27272728085517883, 0.23320157825946808, 0.23715415596961975, 0.1818181872367859, 0.1818181872367859, 0.25691699981689453, 0.18972331285476685, 0.52173912525177, 0.17786560952663422, 0.3122529685497284, 0.20553359389305115, 0.24110671877861023, 0.26877471804618835, 0.2766798436641693, 0.24901185929775238, 0.2292490154504776, 0.2292490154504776, 0.26877471804618835, 0.23715415596961975, 0.4229249060153961, 0.3478260934352875], "val_loss": [7.094125747680664, 9.820439338684082, 10.270357131958008, 17.80141830444336, 13.028373718261719, 8.350499153137207, 3.226822853088379, 7.103590965270996, 5.8712663650512695, 7.900058269500732, 12.07779312133789, 8.40560531616211, 7.998455047607422, 13.21543025970459, 12.521428108215332, 13.123589515686035, 5.592913627624512, 9.767534255981445, 7.345571517944336, 5.712835788726807, 6.6179962158203125, 4.114458084106445, 12.494006156921387, 9.036275863647461, 7.249436378479004, 16.36199951171875, 6.746819496154785, 9.131497383117676, 8.167208671569824, 4.119512557983398, 15.275224685668945, 7.949071407318115, 11.366283416748047, 7.641740322113037, 8.585018157958984, 11.026714324951172, 5.813364505767822, 10.02793025970459, 12.419760704040527, 7.418200492858887, 7.573206901550293, 4.642388820648193, 7.330158233642578]}