{"accuracy": [0.2634124755859375, 0.28276166319847107, 0.3447669446468353, 0.35971856117248535, 0.37071239948272705, 0.3887422978878021, 0.4190853238105774, 0.39885663986206055, 0.39401933550834656, 0.4243623614311218, 0.41248899698257446, 0.43183818459510803, 0.4375549554824829, 0.42832013964653015, 0.4327176809310913, 0.44195249676704407, 0.44547054171562195, 0.45294636487960815, 0.4547053575515747, 0.46745821833610535, 0.4766930639743805, 0.4595426619052887, 0.47757256031036377, 0.4718557596206665, 0.48460862040519714, 0.49208444356918335, 0.48240986466407776, 0.4678979814052582, 0.48680737614631653, 0.48680737614631653, 0.49428319931030273, 0.503078281879425, 0.4960422217845917, 0.48944592475891113, 0.4964819848537445, 0.49560245871543884, 0.5092348456382751, 0.5, 0.5008795261383057, 0.5202286839485168, 0.529463529586792, 0.5299032330513, 0.5233069658279419, 0.526824951171875, 0.5206684470176697, 0.5241864323616028, 0.5277044773101807, 0.5057168006896973, 0.5215479135513306, 0.5290237665176392, 0.5277044773101807, 0.5474933981895447, 0.5307827591896057, 0.5351802706718445, 0.5448548793792725, 0.5426561236381531, 0.5518909692764282, 0.5408970713615417, 0.5527704358100891, 0.5290237665176392, 0.5488126873970032, 0.5408970713615417, 0.5501319169998169, 0.5404573678970337, 0.5549691915512085, 0.5479331612586975, 0.519788920879364, 0.5540897250175476, 0.5206684470176697, 0.5501319169998169, 0.5545294880867004, 0.5611257553100586, 0.5523306727409363, 0.5444151163101196, 0.5321020483970642, 0.5598065257072449, 0.5488126873970032, 0.5655233263969421, 0.5725593566894531, 0.5303429961204529, 0.546174168586731, 0.5580474734306335, 0.5567282438278198, 0.5628848075866699, 0.5747581124305725, 0.5738786458969116, 0.5747581124305725, 0.5778363943099976, 0.5501319169998169, 0.5571680068969727, 0.5492523908615112, 0.5488126873970032, 0.5690413117408752, 0.5826737284660339, 0.5738786458969116, 0.602462649345398, 0.5976253151893616, 0.586191713809967, 0.59278804063797, 0.5839929580688477, 0.5835531949996948, 0.5769569277763367, 0.5835531949996948, 0.579155683517456, 0.576077401638031, 0.5721195936203003, 0.5694810748100281, 0.5782761573791504, 0.5932278037071228, 0.5835531949996948, 0.5888302326202393, 0.6020228862762451, 0.5839929580688477, 0.5919085144996643, 0.6007035970687866, 0.5870712399482727], "loss": [1.796302080154419, 1.6815927028656006, 1.604278802871704, 1.5640532970428467, 1.5381354093551636, 1.4978423118591309, 1.4673991203308105, 1.4804794788360596, 1.4848742485046387, 1.4375605583190918, 1.4459595680236816, 1.4276490211486816, 1.4010425806045532, 1.4198038578033447, 1.4115660190582275, 1.3855482339859009, 1.3838566541671753, 1.371098279953003, 1.3554805517196655, 1.3543777465820312, 1.310132622718811, 1.3482249975204468, 1.3232803344726562, 1.3434717655181885, 1.3145490884780884, 1.2986797094345093, 1.297575831413269, 1.3200979232788086, 1.3286120891571045, 1.3084427118301392, 1.284755825996399, 1.2556440830230713, 1.2476176023483276, 1.2815459966659546, 1.2788007259368896, 1.2598134279251099, 1.2562096118927002, 1.2506893873214722, 1.2552062273025513, 1.24290132522583, 1.2113975286483765, 1.2199348211288452, 1.206732988357544, 1.21715247631073, 1.216978907585144, 1.23585844039917, 1.1873180866241455, 1.2230867147445679, 1.213263988494873, 1.2004868984222412, 1.1901756525039673, 1.1774567365646362, 1.2033945322036743, 1.1998640298843384, 1.169395089149475, 1.193217158317566, 1.1872767210006714, 1.1849877834320068, 1.1578643321990967, 1.1740468740463257, 1.183412790298462, 1.171603798866272, 1.1564677953720093, 1.1618584394454956, 1.1697323322296143, 1.150449514389038, 1.1947517395019531, 1.1430974006652832, 1.2065871953964233, 1.1544464826583862, 1.1540169715881348, 1.1443071365356445, 1.1448864936828613, 1.1408685445785522, 1.1771321296691895, 1.1323775053024292, 1.121856451034546, 1.1129693984985352, 1.1084368228912354, 1.1936839818954468, 1.160082221031189, 1.1608500480651855, 1.1459745168685913, 1.122633934020996, 1.1119389533996582, 1.111608862876892, 1.1342827081680298, 1.101759433746338, 1.11190664768219, 1.1212810277938843, 1.1213740110397339, 1.122359275817871, 1.1077162027359009, 1.0863163471221924, 1.0927826166152954, 1.0538161993026733, 1.072615623474121, 1.074535846710205, 1.0601375102996826, 1.0814626216888428, 1.0675443410873413, 1.076356053352356, 1.0660243034362793, 1.084185242652893, 1.1062144041061401, 1.0951191186904907, 1.0877184867858887, 1.084072470664978, 1.0536693334579468, 1.066041350364685, 1.084252119064331, 1.0588597059249878, 1.066806435585022, 1.04230797290802, 1.0331982374191284, 1.0492087602615356], "val_accuracy": [0.2450592815876007, 0.27272728085517883, 0.30434781312942505, 0.1660079061985016, 0.343873530626297, 0.1818181872367859, 0.33596837520599365, 0.3596837818622589, 0.2450592815876007, 0.3241106867790222, 0.2924901247024536, 0.3754940629005432, 0.1620553433895111, 0.260869562625885, 0.3241106867790222, 0.3320158123970032, 0.3913043439388275, 0.197628453373909, 0.3754940629005432, 0.30039525032043457, 0.38735178112983704, 0.2924901247024536, 0.23320157825946808, 0.2292490154504776, 0.3320158123970032, 0.33992093801498413, 0.197628453373909, 0.47035571932792664, 0.2134387344121933, 0.28853756189346313, 0.3122529685497284, 0.4071146249771118, 0.35573121905326843, 0.30039525032043457, 0.2766798436641693, 0.529644250869751, 0.36758893728256226, 0.3913043439388275, 0.2924901247024536, 0.4466403126716614, 0.25691699981689453, 0.33596837520599365, 0.28458496928215027, 0.4545454680919647, 0.24901185929775238, 0.3794466257095337, 0.27272728085517883, 0.4545454680919647, 0.35177865624427795, 0.3122529685497284, 0.47826087474823, 0.260869562625885, 0.4268774688243866, 0.36758893728256226, 0.3754940629005432, 0.37154150009155273, 0.26877471804618835, 0.31620553135871887, 0.28853756189346313, 0.26877471804618835, 0.3241106867790222, 0.38339921832084656, 0.3913043439388275, 0.3596837818622589, 0.4150197505950928, 0.3478260934352875, 0.395256906747818, 0.4387351870536804, 0.3754940629005432, 0.3478260934352875, 0.4150197505950928, 0.38735178112983704, 0.5375494360923767, 0.39920949935913086, 0.2766798436641693, 0.3122529685497284, 0.2924901247024536, 0.2924901247024536, 0.45059287548065186, 0.260869562625885, 0.4308300316333771, 0.3913043439388275, 0.3794466257095337, 0.5138339996337891, 0.4071146249771118, 0.2806324064731598, 0.343873530626297, 0.3241106867790222, 0.48221343755722046, 0.45059287548065186, 0.28853756189346313, 0.5059288740158081, 0.3636363744735718, 0.5335968136787415, 0.4110671877861023, 0.5019763112068176, 0.48616600036621094, 0.28458496928215027, 0.32015809416770935, 0.260869562625885, 0.30039525032043457, 0.27272728085517883, 0.30434781312942505, 0.2292490154504776, 0.24110671877861023, 0.5415019989013672, 0.4545454680919647, 0.4071146249771118, 0.3754940629005432, 0.5138339996337891, 0.395256906747818, 0.4624505937099457, 0.3636363744735718, 0.4624505937099457, 0.46640315651893616, 0.37154150009155273],