{"accuracy": [0.7014071941375732, 0.8161829113960266, 0.8557607531547546, 0.8891820311546326, 0.9116094708442688, 0.9058927297592163, 0.9291996359825134, 0.9142480492591858, 0.9331574440002441, 0.936675488948822, 0.9507476091384888, 0.9428319931030273, 0.9555848836898804, 0.9428319931030273, 0.933597207069397, 0.9459102749824524, 0.9529463648796082, 0.9529463648796082, 0.9397537112236023, 0.9617414474487305, 0.9692172408103943, 0.9564643502235413, 0.9582234025001526, 0.9599823951721191, 0.9674582481384277, 0.9687774777412415, 0.973175048828125, 0.9775725603103638, 0.9700967669487, 0.9599823951721191, 0.9643799662590027, 0.9608619213104248, 0.9714159965515137, 0.9762532711029053, 0.9718557596206665, 0.9586631655693054, 0.9714159965515137, 0.9819700717926025, 0.9687774777412415, 0.9709762334823608, 0.9762532711029053, 0.9762532711029053, 0.9749340415000916, 0.9674582481384277, 0.9793315529823303, 0.9850483536720276, 0.970536470413208, 0.9599823951721191, 0.9687774777412415, 0.9749340415000916, 0.9718557596206665, 0.9766930341720581, 0.9692172408103943, 0.9700967669487, 0.9824098348617554, 0.9828495979309082, 0.9788918495178223, 0.983289361000061, 0.9863676428794861, 0.9753738045692444, 0.9661389589309692, 0.9749340415000916, 0.9771327972412109, 0.9766930341720581, 0.9876868724822998, 0.9762532711029053, 0.9793315529823303, 0.9824098348617554, 0.9920844435691833, 0.9714159965515137, 0.9793315529823303, 0.9868074059486389, 0.9868074059486389, 0.9674582481384277, 0.9753738045692444, 0.9793315529823303, 0.9846085906028748, 0.9758135676383972, 0.9912049174308777, 0.9868074059486389, 0.9780123233795166, 0.9793315529823303, 0.9793315529823303, 0.9819700717926025, 0.9595426321029663, 0.970536470413208, 0.9846085906028748, 0.9736147522926331, 0.9828495979309082], "loss": [0.8170064091682434, 0.5130748152732849, 0.41811686754226685, 0.29229432344436646, 0.2554419934749603, 0.2654782831668854, 0.2112913280725479, 0.2416747361421585, 0.2100639045238495, 0.17872248589992523, 0.1572934091091156, 0.1753978282213211, 0.13404689729213715, 0.16760066151618958, 0.20628920197486877, 0.1601582169532776, 0.15645523369312286, 0.140405535697937, 0.17583100497722626, 0.1131662130355835, 0.08202893286943436, 0.12614981830120087, 0.1280842274427414, 0.12159516662359238, 0.09979952126741409, 0.10198771208524704, 0.07940787822008133, 0.07277556508779526, 0.07794833928346634, 0.1270560622215271, 0.10911309719085693, 0.1288285106420517, 0.08935718238353729, 0.0752556100487709, 0.07895711064338684, 0.1212950125336647, 0.08999838680028915, 0.05529138445854187, 0.0925607904791832, 0.09683272987604141, 0.06256096810102463, 0.06991322338581085, 0.07170591503381729, 0.09845313429832458, 0.06048430874943733, 0.0474306121468544, 0.09699300676584244, 0.11954344809055328, 0.0949174016714096, 0.08044076710939407, 0.08902078121900558, 0.06952688843011856, 0.07988914102315903, 0.09538578242063522, 0.05407692492008209, 0.06291286647319794, 0.07041990011930466, 0.05553760379552841, 0.036150895059108734, 0.07165846228599548, 0.0993686243891716, 0.07331858575344086, 0.07054076343774796, 0.06995692104101181, 0.032082699239254, 0.06718914955854416, 0.06563153117895126, 0.052590083330869675, 0.027563314884901047, 0.07587005198001862, 0.06160866841673851, 0.04052995517849922, 0.03770861774682999, 0.1205003634095192, 0.07121780514717102, 0.05596166104078293, 0.052323855459690094, 0.07038474082946777, 0.02417515590786934, 0.03377566486597061, 0.07641476392745972, 0.071170374751091, 0.0655163824558258, 0.06135003641247749, 0.12089668959379196, 0.08591555804014206, 0.043897394090890884, 0.08175521343946457, 0.050527047365903854], "val_accuracy": [0.21739129722118378, 0.1620553433895111, 0.21739129722118378, 0.15810276567935944, 0.15019762516021729, 0.1620553433895111, 0.15810276567935944, 0.13833992183208466, 0.15810276567935944, 0.41897234320640564, 0.20158103108406067, 0.3083004057407379, 0.15810276567935944, 0.21739129722118378, 0.1462450623512268, 0.197628453373909, 0.15019762516021729, 0.15810276567935944, 0.19367589056491852, 0.20553359389305115, 0.197628453373909, 0.20553359389305115, 0.15415020287036896, 0.20553359389305115, 0.13438735902309418, 0.16996046900749207, 0.2924901247024536, 0.17391304671764374, 0.11857707798480988, 0.1660079061985016, 0.1146245077252388, 0.1462450623512268, 0.21739129722118378, 0.12648221850395203, 0.16996046900749207, 0.1304347813129425, 0.20158103108406067, 0.197628453373909, 0.28458496928215027, 0.15810276567935944, 0.20948617160320282, 0.260869562625885, 0.22134387493133545, 0.20158103108406067, 0.10276679694652557, 0.1620553433895111, 0.20553359389305115, 0.20158103108406067, 0.2134387344121933, 0.1620553433895111, 0.1620553433895111, 0.1620553433895111, 0.1620553433895111, 0.15810276567935944, 0.15810276567935944, 0.14229248464107513, 0.20158103108406067, 0.1620553433895111, 0.15810276567935944, 0.13833992183208466, 0.20158103108406067, 0.15810276567935944, 0.2766798436641693, 0.1620553433895111, 0.33596837520599365, 0.10671936720609665, 0.17786560952663422, 0.17786560952663422, 0.05928853899240494, 0.05533596873283386, 0.1620553433895111, 0.20553359389305115, 0.18972331285476685, 0.21739129722118378, 0.05533596873283386, 0.07509881258010864, 0.09486165642738342, 0.14229248464107513, 0.12252964079380035, 0.11067193746566772, 0.18972331285476685, 0.23715415596961975, 0.24110671877861023, 0.2964426875114441, 0.26877471804618835, 0.13833992183208466, 0.17391304671764374, 0.15810276567935944, 0.15810276567935944], "val_loss": [2.1224100589752197, 2.07647967338562, 2.288567543029785, 2.3046083450317383, 2.738361120223999, 4.883905410766602, 2.6676151752471924, 321.8705139160156, 4.5303544998168945, 2.3731911182403564, 4.452764511108398, 1.7094013690948486, 2068.305908203125, 474.2059020996094, 2691.9306640625, 3.477553129196167, 5.181776523590088, 4.078274250030518, 207.3216094970703, 1133.2720947265625, 2.2955174446105957, 12.994405746459961, 589.3857421875, 7.536797523498535, 4.408931732177734, 3.1701583862304688, 6.997397422790527, 1544.3790283203125, 475.5450134277344, 132.19717407226562, 2637.09912109375, 6.204531669616699, 2.583592653274536, 4.387848377227783, 617.2684936523438, 76.5675048828125, 188.8150634765625, 332.0269775390625, 4.478652000427246, 12.868382453918457, 5.536944389343262, 4.214673042297363, 3.7975709438323975, 11.749281883239746, 5.66871452331543, 135.0699462890625, 3.0034286975860596, 2.9182937145233154, 472.020263671875, 156.49635314941406, 9.8489351272583, 5.572208881378174, 10.105698585510254, 348.3621520996094, 6.510896682739258, 13.482161521911621, 14.45202350616455, 6.838000774383545, 6.219124794006348, 181.01119995117188, 803.5257568359375, 4.143481254577637, 3.441772222518921, 9.98285961151123, 2.4042465686798096, 2.9020493030548096, 3.6349706649780273, 2.6719553470611572, 4.093694686889648, 3.8121464252471924, 644.0368041992188, 3.8914084434509277, 7.128132343292236, 3.3976519107818604, 245.06536865234375, 17.99592399597168, 332.8451232910156, 55.04804611206055, 43.108001708984375, 7.029417514801025, 3.9180328845977783, 59.74502182006836, 3.8675153255462646, 17.601795196533203, 4.289926528930664, 3.244072675704956, 6.373311996459961, 5.736338138580322, 3.353649854660034]}