{"loss": [9.098689079284668, 9.11515998840332, 9.11515998840332, 9.11515998840332, 9.115157127380371, 9.11515998840332, 9.115158081054688, 9.115160942077637, 9.11515998840332, 9.115158081054688, 9.115158081054688, 9.115160942077637, 9.115158081054688, 9.115159034729004, 9.115159034729004, 9.115160942077637, 9.115159034729004, 9.115160942077637, 9.11515998840332, 9.115160942077637, 9.11515998840332, 9.11515998840332, 9.115160942077637, 9.11515998840332, 9.11515998840332, 9.115157127380371, 9.115160942077637, 9.115159034729004, 9.115160942077637, 9.115159034729004, 9.115159034729004, 9.11515998840332, 9.11515998840332, 9.115160942077637, 9.115160942077637, 9.115160942077637, 9.115159034729004, 9.11516284942627, 9.115159034729004, 9.115160942077637, 9.115160942077637, 9.11515998840332, 9.115160942077637, 9.115159034729004, 9.11515998840332, 9.11515998840332, 9.115160942077637, 9.115159034729004, 9.115161895751953, 9.115158081054688, 9.115160942077637, 9.11515998840332, 9.11515998840332, 9.115157127380371, 9.115160942077637, 9.115160942077637, 9.115160942077637, 9.115159034729004, 9.115159034729004, 9.115159034729004, 9.115159034729004, 9.115158081054688, 9.115160942077637, 9.115158081054688, 9.115160942077637, 9.115159034729004, 9.115160942077637, 9.115160942077637, 9.11515998840332, 9.115160942077637, 9.115160942077637, 9.115160942077637, 9.115160942077637, 9.11515998840332, 9.115160942077637, 9.11515998840332, 9.11515998840332, 9.115158081054688, 9.115159034729004, 9.115159034729004, 9.115158081054688, 9.115159034729004, 9.115159034729004, 9.115160942077637, 9.115157127380371, 9.115159034729004, 9.115160942077637, 9.11515998840332, 9.115157127380371, 9.115156173706055, 9.11515998840332, 9.115159034729004, 9.115159034729004, 9.115160942077637, 9.115159034729004, 9.115158081054688, 9.115158081054688, 9.115159034729004, 9.115155220031738, 9.115160942077637], "accuracy": [0.19305188953876495, 0.1974494308233261, 0.1974494308233261, 0.1974494308233261, 0.1974494308233261, 0.1974494308233261, 0.1974494308233261, 0.1974494308233261, 0.1974494308233261, 0.1974494308233261, 0.1974494308233261, 0.1974494308233261, 0.1974494308233261, 0.1974494308233261, 0.1974494308233261, 0.1974494308233261, 0.1974494308233261, 0.1974494308233261, 0.1974494308233261, 0.1974494308233261, 0.1974494308233261, 0.1974494308233261, 0.1974494308233261, 0.1974494308233261, 0.1974494308233261, 0.1974494308233261, 0.1974494308233261, 0.1974494308233261, 0.1974494308233261, 0.1974494308233261, 0.1974494308233261, 0.1974494308233261, 0.1974494308233261, 0.1974494308233261, 0.1974494308233261, 0.1974494308233261, 0.1974494308233261, 0.1974494308233261, 0.1974494308233261, 0.1974494308233261, 0.1974494308233261, 0.1974494308233261, 0.1974494308233261, 0.1974494308233261, 0.1974494308233261, 0.1974494308233261, 0.1974494308233261, 0.1974494308233261, 0.1974494308233261, 0.1974494308233261, 0.1974494308233261, 0.1974494308233261, 0.1974494308233261, 0.1974494308233261, 0.1974494308233261, 0.1974494308233261, 0.1974494308233261, 0.1974494308233261, 0.1974494308233261, 0.1974494308233261, 0.1974494308233261, 0.1974494308233261, 0.1974494308233261, 0.1974494308233261, 0.1974494308233261, 0.1974494308233261, 0.1974494308233261, 0.1974494308233261, 0.1974494308233261, 0.1974494308233261, 0.1974494308233261, 0.1974494308233261, 0.1974494308233261, 0.1974494308233261, 0.1974494308233261, 0.1974494308233261, 0.1974494308233261, 0.1974494308233261, 0.1974494308233261, 0.1974494308233261, 0.1974494308233261, 0.1974494308233261, 0.1974494308233261, 0.1974494308233261, 0.1974494308233261, 0.1974494308233261, 0.1974494308233261, 0.1974494308233261, 0.1974494308233261, 0.1974494308233261, 0.1974494308233261, 0.1974494308233261, 0.1974494308233261, 0.1974494308233261, 0.1974494308233261, 0.1974494308233261, 0.1974494308233261, 0.1974494308233261, 0.1974494308233261, 0.1974494308233261], "val_loss": [9.301350593566895, 9.301351547241211, 9.301351547241211, 9.301351547241211, 9.301351547241211, 9.301350593566895, 9.301352500915527, 9.301352500915527, 9.301352500915527, 9.301351547241211, 9.301351547241211, 9.301351547241211, 9.301352500915527, 9.301351547241211, 9.301351547241211, 9.301351547241211, 9.301352500915527, 9.301351547241211, 9.301351547241211, 9.301350593566895, 9.301351547241211, 9.301350593566895, 9.301351547241211, 9.301351547241211, 9.301350593566895, 9.301351547241211, 9.301351547241211, 9.301350593566895, 9.301350593566895, 9.301351547241211, 9.301351547241211, 9.301351547241211, 9.301351547241211, 9.301352500915527, 9.301351547241211, 9.301350593566895, 9.301352500915527, 9.301351547241211, 9.301351547241211, 9.301351547241211, 9.301351547241211, 9.301351547241211, 9.301351547241211, 9.301351547241211, 9.301351547241211, 9.301350593566895, 9.301350593566895, 9.301352500915527, 9.301351547241211, 9.301351547241211, 9.301351547241211, 9.301351547241211, 9.301351547241211, 9.301351547241211, 9.301352500915527, 9.301351547241211, 9.301351547241211, 9.301351547241211, 9.301352500915527, 9.301350593566895, 9.301351547241211, 9.301351547241211, 9.301351547241211, 9.301351547241211, 9.301352500915527, 9.301351547241211, 9.301351547241211, 9.301351547241211, 9.301352500915527, 9.301352500915527, 9.301350593566895, 9.301352500915527, 9.301351547241211, 9.301351547241211, 9.301351547241211, 9.301351547241211, 9.301351547241211, 9.301350593566895, 9.301351547241211, 9.301351547241211, 9.301352500915527, 9.301351547241211, 9.301351547241211, 9.301352500915527, 9.301351547241211, 9.301351547241211, 9.301351547241211, 9.301350593566895, 9.301350593566895, 9.301351547241211, 9.301351547241211, 9.301351547241211, 9.301351547241211, 9.301351547241211, 9.301352500915527, 9.301351547241211, 9.301351547241211, 9.301350593566895, 9.301352500915527, 9.301351547241211], "val_accuracy": [0.20553359389305115, 0.20553359389305115, 0.20553359389305115, 0.20553359389305115, 0.20553359389305115, 0.20553359389305115, 0.20553359389305115, 0.20553359389305115, 0.20553359389305115, 0.20553359389305115, 0.20553359389305115, 0.20553359389305115, 0.20553359389305115, 0.20553359389305115, 0.20553359389305115, 0.20553359389305115, 0.20553359389305115, 0.20553359389305115, 0.20553359389305115, 0.20553359389305115, 0.20553359389305115, 0.20553359389305115, 0.20553359389305115, 0.20553359389305115, 0.20553359389305115, 0.20553359389305115, 0.20553359389305115, 0.20553359389305115, 0.20553359389305115, 0.20553359389305115, 0.20553359389305115, 0.20553359389305115, 0.20553359389305115, 0.20553359389305115, 0.20553359389305115, 0.20553359389305115, 0.20553359389305115, 0.20553359389305115, 0.20553359389305115, 0.20553359389305115, 0.20553359389305115, 0.20553359389305115, 0.20553359389305115, 0.20553359389305115, 0.20553359389305115, 0.20553359389305115, 0.20553359389305115, 0.20553359389305115, 0.20553359389305115, 0.20553359389305115, 0.20553359389305115, 0.20553359389305115, 0.20553359389305115, 0.20553359389305115, 0.20553359389305115, 0.20553359389305115, 0.20553359389305115, 0.20553359389305115, 0.20553359389305115, 0.20553359389305115, 0.20553359389305115, 0.20553359389305115, 0.20553359389305115, 0.20553359389305115, 0.20553359389305115, 0.20553359389305115, 0.20553359389305115, 0.20553359389305115, 0.20553359389305115, 0.20553359389305115, 0.20553359389305115, 0.20553359389305115, 0.20553359389305115, 0.20553359389305115, 0.20553359389305115, 0.20553359389305115, 0.20553359389305115, 0.20553359389305115, 0.20553359389305115, 0.20553359389305115, 0.20553359389305115, 0.20553359389305115, 0.20553359389305115, 0.20553359389305115, 0.20553359389305115, 0.20553359389305115, 0.20553359389305115, 0.20553359389305115, 0.20553359389305115, 0.20553359389305115, 0.20553359389305115, 0.20553359389305115, 0.20553359389305115, 0.20553359389305115, 0.20553359389305115, 0.20553359389305115, 0.20553359389305115, 0.20553359389305115, 0.20553359389305115, 0.20553359389305115]}