{"accuracy": [0.6684256792068481, 0.7563764452934265, 0.7788038849830627, 0.8078275918960571, 0.8109058737754822, 0.8610377907752991, 0.8416886329650879, 0.870712399482727, 0.8799472451210022, 0.8781881928443909, 0.9063324332237244, 0.887423038482666, 0.8927000761032104, 0.9023746848106384, 0.9019349217414856, 0.9089709520339966, 0.9133685231208801, 0.9160070419311523, 0.9146877527236938, 0.9032541513442993, 0.8997361660003662, 0.9160070419311523, 0.9111697673797607, 0.9445910453796387, 0.8896217942237854, 0.9248021245002747, 0.9353561997413635, 0.9177660346031189, 0.9296393990516663, 0.9428319931030273, 0.9186455607414246, 0.9278804063796997, 0.9274406433105469, 0.9371151924133301, 0.9472295641899109, 0.9608619213104248, 0.9494283199310303, 0.9217238426208496, 0.934036910533905, 0.9432717561721802, 0.927000880241394, 0.9520668387413025, 0.9423922896385193, 0.9397537112236023, 0.9485487937927246, 0.9291996359825134, 0.9463500380516052, 0.9467898011207581, 0.9397537112236023, 0.9485487937927246, 0.9591029286384583, 0.936675488948822, 0.9586631655693054, 0.9758135676383972, 0.9516270756721497, 0.9643799662590027, 0.9393140077590942, 0.9595426321029663, 0.9656991958618164, 0.927000880241394, 0.9230430722236633, 0.9362357258796692, 0.9674582481384277, 0.9503078460693359, 0.9278804063796997, 0.9357959628105164, 0.9608619213104248, 0.960422158241272, 0.9700967669487, 0.9714159965515137, 0.9608619213104248, 0.9573438763618469, 0.9485487937927246, 0.9665787220001221], "loss": [0.9014564156532288, 0.6764993667602539, 0.6309067606925964, 0.5802867412567139, 0.5560283064842224, 0.4017239511013031, 0.4438329339027405, 0.3740650713443756, 0.3736446797847748, 0.3707093596458435, 0.264952152967453, 0.3167772889137268, 0.321464866399765, 0.30461516976356506, 0.3062428832054138, 0.2637893259525299, 0.2665228247642517, 0.24912124872207642, 0.2847229540348053, 0.2880234718322754, 0.29794996976852417, 0.2279478758573532, 0.24936968088150024, 0.1630186289548874, 0.338091105222702, 0.21502502262592316, 0.1765126734972, 0.2470550388097763, 0.19664286077022552, 0.15451765060424805, 0.25431692600250244, 0.21061983704566956, 0.20668256282806396, 0.18963079154491425, 0.14622171223163605, 0.11320013552904129, 0.15495505928993225, 0.23805101215839386, 0.18601128458976746, 0.17255672812461853, 0.21531707048416138, 0.1382933259010315, 0.16999943554401398, 0.1695992648601532, 0.14451321959495544, 0.2097228318452835, 0.15008126199245453, 0.15378674864768982, 0.1787043809890747, 0.14939309656620026, 0.12705518305301666, 0.17786037921905518, 0.13158833980560303, 0.07786489278078079, 0.1467529982328415, 0.11913782358169556, 0.18859083950519562, 0.12338338792324066, 0.10553709417581558, 0.20471656322479248, 0.23864826560020447, 0.17450429499149323, 0.09234631806612015, 0.16330498456954956, 0.21674522757530212, 0.17553135752677917, 0.12103365361690521, 0.1127203106880188, 0.09117972105741501, 0.08275822550058365, 0.10449837148189545, 0.14132912456989288, 0.13970664143562317, 0.10692211985588074], "val_accuracy": [0.18577075004577637, 0.15019762516021729, 0.2134387344121933, 0.15810276567935944, 0.16996046900749207, 0.20553359389305115, 0.20553359389305115, 0.24901185929775238, 0.20553359389305115, 0.19367589056491852, 0.20948617160320282, 0.18972331285476685, 0.1660079061985016, 0.18577075004577637, 0.22134387493133545, 0.17786560952663422, 0.20948617160320282, 0.3320158123970032, 0.10671936720609665, 0.2292490154504776, 0.2292490154504776, 0.1660079061985016, 0.17391304671764374, 0.3320158123970032, 0.26877471804618835, 0.2450592815876007, 0.23320157825946808, 0.25691699981689453, 0.3636363744735718, 0.37154150009155273, 0.24110671877861023, 0.20948617160320282, 0.37154150009155273, 0.197628453373909, 0.33596837520599365, 0.26877471804618835, 0.31620553135871887, 0.4229249060153961, 0.3122529685497284, 0.17391304671764374, 0.25296443700790405, 0.33992093801498413, 0.2648221254348755, 0.27272728085517883, 0.46640315651893616, 0.3083004057407379, 0.2766798436641693, 0.25296443700790405, 0.41897234320640564, 0.5454545617103577, 0.49802371859550476, 0.45059287548065186, 0.6086956262588501, 0.4387351870536804, 0.48221343755722046, 0.30434781312942505, 0.48221343755722046, 0.5019763112068176, 0.4426877498626709, 0.45059287548065186, 0.33992093801498413, 0.5573122501373291, 0.5019763112068176, 0.48221343755722046, 0.5098814368247986, 0.32015809416770935, 0.3754940629005432, 0.5098814368247986, 0.6007905006408691, 0.5810276865959167, 0.6403161883354187, 0.30039525032043457, 0.5691699385643005, 0.5059288740158081], "val_loss": [12.668558120727539, 18.277908325195312, 12.183928489685059, 13.461170196533203, 11.607932090759277, 30.142351150512695, 15.678017616271973, 11.063108444213867, 11.71648120880127, 12.26898193359375, 17.79452133178711, 16.79985237121582, 13.879498481750488, 12.424429893493652, 13.671269416809082, 14.71302604675293, 23.170310974121094, 11.155750274658203, 8.516969680786133, 13.85743236541748, 10.775359153747559, 17.20030975341797, 15.452447891235352, 10.087120056152344, 9.839496612548828, 12.018726348876953, 13.770943641662598, 14.704889297485352, 5.816143035888672, 6.417370319366455, 10.843111991882324, 6.306941509246826, 7.831060886383057, 10.979063987731934, 8.805560111999512, 11.797582626342773, 10.52892017364502, 5.576559066772461, 8.859601020812988, 21.509178161621094, 11.900031089782715, 9.003414154052734, 7.91901159286499, 9.318791389465332, 4.856929779052734, 8.61469841003418, 8.223308563232422, 9.194436073303223, 7.814749717712402, 6.178476810455322, 3.193376302719116, 4.757776260375977, 2.345186948776245, 4.6192121505737305, 4.653779983520508, 10.220240592956543, 3.07072114944458, 4.554041862487793, 4.548527717590332, 4.026500701904297, 6.3948259353637695, 2.8853461742401123, 4.0027618408203125, 3.016522169113159, 3.9345102310180664, 6.246349334716797, 5.424702167510986, 2.92254900932312, 2.489192485809326, 3.626063346862793, 2.6102936267852783, 10.440433502197266, 2.9065935611724854, 4.5668463706970215]}