{"accuracy": [0.09410730004310608, 0.22735267877578735, 0.22383464872837067, 0.2317502200603485, 0.22779244184494019, 0.2339489907026291, 0.22779244184494019, 0.21284081041812897, 0.23702725768089294, 0.23482850193977356, 0.22999119758605957, 0.2304309606552124, 0.2317502200603485, 0.23790676891803741, 0.23702725768089294, 0.23570799827575684, 0.23570799827575684, 0.23306947946548462, 0.2194371223449707, 0.23350922763347626, 0.23350922763347626, 0.2304309606552124, 0.23966579139232635, 0.23746702075004578, 0.23702725768089294, 0.23306947946548462, 0.23834653198719025, 0.22515390813350677, 0.23262973129749298, 0.22647318243980408, 0.2365875095129013, 0.2317502200603485, 0.2304309606552124, 0.25681617856025696, 0.247581347823143, 0.27000880241394043, 0.22603341937065125, 0.2317502200603485, 0.23306947946548462, 0.240105539560318, 0.2242744117975235, 0.23438873887062073, 0.2352682501077652, 0.2414247989654541, 0.25813543796539307, 0.2928759753704071, 0.311345636844635, 0.3443271815776825, 0.20800352096557617, 0.23702725768089294, 0.23438873887062073, 0.23746702075004578, 0.23570799827575684, 0.23570799827575684, 0.23570799827575684, 0.2365875095129013, 0.23482850193977356, 0.2735268175601959, 0.29111698269844055, 0.23218996822834015, 0.2352682501077652, 0.24186456203460693, 0.2242744117975235, 0.22955144941806793, 0.23746702075004578, 0.2365875095129013, 0.25417765974998474, 0.2708882987499237], "loss": [3.67208194732666, 1.7745193243026733, 1.7565709352493286, 1.7624049186706543, 1.7484575510025024, 1.7243409156799316, 1.7325621843338013, 1.798290729522705, 1.730031967163086, 1.7416380643844604, 1.7328577041625977, 1.7302088737487793, 1.7316710948944092, 1.7253234386444092, 1.730418086051941, 1.7263946533203125, 1.7204663753509521, 1.7104874849319458, 1.7349313497543335, 1.7287949323654175, 1.7277724742889404, 1.7297238111495972, 1.7264797687530518, 1.7274563312530518, 1.7286736965179443, 1.7243084907531738, 1.7187590599060059, 1.7185254096984863, 1.7231316566467285, 1.7259513139724731, 1.7300066947937012, 1.7267484664916992, 1.7176014184951782, 1.7078521251678467, 1.7052677869796753, 1.6923896074295044, 1.7296700477600098, 1.726904273033142, 1.722334861755371, 1.7232398986816406, 1.7152849435806274, 1.7242869138717651, 1.7229105234146118, 1.7146621942520142, 1.683332920074463, 1.6526607275009155, 1.6537797451019287, 1.6166768074035645, 1.7476123571395874, 1.7303504943847656, 1.7288858890533447, 1.725888729095459, 1.725650668144226, 1.7262119054794312, 1.7248197793960571, 1.7255892753601074, 1.7221310138702393, 1.6772419214248657, 1.6443665027618408, 1.730635404586792, 1.720280408859253, 1.7040228843688965, 1.7376383543014526, 1.7264015674591064, 1.7224092483520508, 1.7217063903808594, 1.6986262798309326, 1.6723101139068604], "val_accuracy": [0.20553359389305115, 0.21739129722118378, 0.21739129722118378, 0.21739129722118378, 0.21739129722118378, 0.20948617160320282, 0.2292490154504776, 0.21739129722118378, 0.21739129722118378, 0.21739129722118378, 0.21739129722118378, 0.21739129722118378, 0.21739129722118378, 0.21739129722118378, 0.21739129722118378, 0.21739129722118378, 0.21739129722118378, 0.22134387493133545, 0.21739129722118378, 0.21739129722118378, 0.21739129722118378, 0.21739129722118378, 0.21739129722118378, 0.21739129722118378, 0.21739129722118378, 0.21739129722118378, 0.21739129722118378, 0.21739129722118378, 0.21739129722118378, 0.21739129722118378, 0.21739129722118378, 0.21739129722118378, 0.21739129722118378, 0.2964426875114441, 0.23320157825946808, 0.21739129722118378, 0.21739129722118378, 0.21739129722118378, 0.21739129722118378, 0.21739129722118378, 0.21739129722118378, 0.21739129722118378, 0.21739129722118378, 0.22134387493133545, 0.2766798436641693, 0.33992093801498413, 0.343873530626297, 0.15810276567935944, 0.21739129722118378, 0.21739129722118378, 0.21739129722118378, 0.21739129722118378, 0.21739129722118378, 0.21739129722118378, 0.21739129722118378, 0.21739129722118378, 0.21739129722118378, 0.33596837520599365, 0.1620553433895111, 0.21739129722118378, 0.21739129722118378, 0.23320157825946808, 0.21739129722118378, 0.21739129722118378, 0.21739129722118378, 0.21739129722118378, 0.2924901247024536, 0.2806324064731598], "val_loss": [1.7221368551254272, 1.7311886548995972, 1.7268861532211304, 1.7342413663864136, 1.7209420204162598, 1.7746422290802002, 1.7577872276306152, 1.733429193496704, 1.727557897567749, 1.7272485494613647, 1.726983666419983, 1.7265255451202393, 1.7252660989761353, 1.739331841468811, 1.7248046398162842, 1.721158504486084, 1.7242573499679565, 1.6758967638015747, 1.7308011054992676, 1.7313953638076782, 1.7284269332885742, 1.7280168533325195, 1.7287392616271973, 1.7315247058868408, 1.72611665725708, 1.7239881753921509, 1.7179087400436401, 1.6962873935699463, 1.730142593383789, 1.7260068655014038, 1.7273755073547363, 1.7242579460144043, 1.7210637331008911, 1.6607201099395752, 1.6908036470413208, 1.7278939485549927, 1.7266149520874023, 1.7276610136032104, 1.7243844270706177, 1.7178343534469604, 1.7264161109924316, 1.7232635021209717, 1.7215121984481812, 1.711982250213623, 1.7176196575164795, 1.6068412065505981, 1.6080795526504517, 1.9857906103134155, 1.730614185333252, 1.729225516319275, 1.7300920486450195, 1.727421760559082, 1.7279213666915894, 1.727023720741272, 1.7270078659057617, 1.7284356355667114, 1.7135179042816162, 1.5874053239822388, 1.8113133907318115, 1.7238446474075317, 1.7085922956466675, 1.6966527700424194, 1.7239044904708862, 1.7296587228775024, 1.7264546155929565, 1.7166757583618164, 1.6525002717971802, 1.6276403665542603]}