{"accuracy": [0.18117853999137878, 0.22955144941806793, 0.23702725768089294, 0.22207564115524292, 0.22647318243980408, 0.1618293821811676, 0.16270887851715088, 0.16578716039657593, 0.15963061153888702, 0.16138961911201477, 0.17502199113368988, 0.16886544227600098, 0.21591909229755402, 0.2071240097284317, 0.0795954242348671, 0.11961301416158676, 0.07651714980602264, 0.056288477033376694, 0.054969217628240585, 0.05540896952152252, 0.05540896952152252, 0.057167984545230865, 0.0576077401638031], "loss": [4.995845794677734, 6.746033668518066, 5.211284637451172, 7.159931182861328, 6.263816833496094, 4.760106563568115, 7.574265003204346, 9.075157165527344, 7.532087326049805, 7.454650402069092, 7.341449737548828, 8.103456497192383, 5.364927291870117, 6.121929168701172, 2.0569815635681152, 1.9572051763534546, 1.8936798572540283, 1.8600066900253296, 1.884674310684204, 1.824898600578308, 1.8225558996200562, 1.7955780029296875, 1.809949278831482], "val_accuracy": [0.21739129722118378, 0.21739129722118378, 0.21739129722118378, 0.21739129722118378, 0.20553359389305115, 0.15810276567935944, 0.15810276567935944, 0.15810276567935944, 0.15810276567935944, 0.15810276567935944, 0.15810276567935944, 0.20553359389305115, 0.21739129722118378, 0.05533596873283386, 0.05533596873283386, 0.05533596873283386, 0.05533596873283386, 0.05533596873283386, 0.05533596873283386, 0.05533596873283386, 0.05533596873283386, 0.05533596873283386, 0.05533596873283386], "val_loss": [3.7097175121307373, 4.226245880126953, 4.536681175231934, 3.9642059803009033, 10.01126766204834, 3.497772455215454, 12.804128646850586, 6.753036022186279, 6.753036022186279, 6.7530364990234375, 6.689327716827393, 6.956659317016602, 12.614161491394043, 1.7975200414657593, 1.7376750707626343, 1.8161813020706177, 1.745215654373169, 1.7362676858901978, 1.7338893413543701, 1.7291840314865112, 1.7281495332717896, 1.727805256843567, 1.727543592453003]}