{"accuracy": [0.22647318243980408, 0.2779243588447571, 0.29331573843955994, 0.279683381319046, 0.29947230219841003, 0.2981530427932739, 0.31178539991378784, 0.3122251629829407, 0.2906772196292877, 0.3148636817932129, 0.316182941198349, 0.2950747609138489, 0.29463499784469604, 0.33641159534454346, 0.31794196367263794, 0.3306948244571686, 0.3051891028881073, 0.31926122307777405, 0.30694809556007385, 0.3355320990085602, 0.331134557723999, 0.3293755352497101, 0.3245382606983185, 0.32673701643943787, 0.33861038088798523, 0.33641159534454346, 0.3201407194137573, 0.35136324167251587, 0.36719438433647156, 0.33992964029312134, 0.33861038088798523, 0.32541775703430176, 0.33992964029312134, 0.3416886627674103, 0.34256815910339355, 0.3601583242416382, 0.34344765543937683, 0.34740546345710754, 0.3482849597930908, 0.36103782057762146, 0.3588390648365021, 0.35971856117248535, 0.3447669446468353, 0.35356199741363525, 0.3614775836467743, 0.355760782957077, 0.35708004236221313, 0.34960421919822693, 0.36807388067245483, 0.3777484595775604, 0.3592787981033325, 0.33289358019828796, 0.3491644561290741, 0.35708004236221313, 0.38170623779296875, 0.36323657631874084, 0.37071239948272705, 0.35488125681877136, 0.3834652602672577, 0.3746701776981354, 0.37071239948272705, 0.38918206095695496, 0.4023746848106384, 0.3839050233364105, 0.3918205797672272, 0.38786280155181885, 0.3931398391723633, 0.3773086965084076, 0.3918205797672272, 0.38786280155181885, 0.3839050233364105, 0.3883025646209717, 0.3861037790775299, 0.3944590985774994, 0.3834652602672577, 0.40985047817230225, 0.36323657631874084, 0.38038697838783264, 0.3614775836467743, 0.3592787981033325, 0.37335091829299927, 0.39050132036209106, 0.3808267414569855, 0.3777484595775604, 0.3759894371032715, 0.39665788412094116, 0.3992964029312134, 0.39665788412094116, 0.3711521625518799, 0.3970976173877716, 0.4023746848106384, 0.3869832754135132, 0.39621812105178833, 0.39050132036209106, 0.36851364374160767, 0.39138081669807434], "loss": [1.9485527276992798, 1.7186719179153442, 1.7089864015579224, 1.668930172920227, 1.6585758924484253, 1.6412291526794434, 1.6435823440551758, 1.6249319314956665, 1.6384518146514893, 1.605576515197754, 1.6265125274658203, 1.614099144935608, 1.6180403232574463, 1.5848788022994995, 1.6067911386489868, 1.5992871522903442, 1.6037224531173706, 1.603944182395935, 1.6312600374221802, 1.5941096544265747, 1.6003071069717407, 1.5941308736801147, 1.5983917713165283, 1.58587646484375, 1.5915061235427856, 1.5859959125518799, 1.5921679735183716, 1.5716649293899536, 1.5531787872314453, 1.5691931247711182, 1.5785921812057495, 1.6250190734863281, 1.5842715501785278, 1.5773471593856812, 1.5914031267166138, 1.5630494356155396, 1.5780607461929321, 1.5622434616088867, 1.5690568685531616, 1.5677754878997803, 1.5595616102218628, 1.549769401550293, 1.5751183032989502, 1.5564377307891846, 1.5451875925064087, 1.5664111375808716, 1.5650697946548462, 1.5542367696762085, 1.5563362836837769, 1.538048505783081, 1.5489583015441895, 1.5618711709976196, 1.545594573020935, 1.5478711128234863, 1.5285875797271729, 1.5416415929794312, 1.528616189956665, 1.5559617280960083, 1.526302695274353, 1.5355523824691772, 1.522809624671936, 1.5143110752105713, 1.5102715492248535, 1.5268272161483765, 1.514153242111206, 1.507442831993103, 1.5146234035491943, 1.527080774307251, 1.505050539970398, 1.5111240148544312, 1.4944652318954468, 1.5184593200683594, 1.5077530145645142, 1.5102298259735107, 1.5264251232147217, 1.490321397781372, 1.5375981330871582, 1.5141103267669678, 1.543920636177063, 1.5471779108047485, 1.520572304725647, 1.5104014873504639, 1.5159815549850464, 1.5309830904006958, 1.5143346786499023, 1.501180648803711, 1.497893214225769, 1.495658040046692, 1.5404343605041504, 1.503544569015503, 1.4912850856781006, 1.5086480379104614, 1.5050878524780273, 1.4998995065689087, 1.5136381387710571, 1.5134040117263794], "val_accuracy": [0.24901185929775238, 0.2648221254348755, 0.31620553135871887, 0.31620553135871887, 0.28853756189346313, 0.28853756189346313, 0.3122529685497284, 0.39920949935913086, 0.3794466257095337, 0.30039525032043457, 0.33596837520599365, 0.4150197505950928, 0.43478259444236755, 0.4308300316333771, 0.395256906747818, 0.3320158123970032, 0.37154150009155273, 0.2766798436641693, 0.35573121905326843, 0.3478260934352875, 0.3794466257095337, 0.3241106867790222, 0.3913043439388275, 0.3794466257095337, 0.47826087474823, 0.4229249060153961, 0.4268774688243866, 0.3754940629005432, 0.33992093801498413, 0.4308300316333771, 0.41897234320640564, 0.33596837520599365, 0.43478259444236755, 0.39920949935913086, 0.3478260934352875, 0.3913043439388275, 0.4150197505950928, 0.3478260934352875, 0.40316206216812134, 0.4150197505950928, 0.3794466257095337, 0.3794466257095337, 0.4150197505950928, 0.4387351870536804, 0.3478260934352875, 0.4426877498626709, 0.3754940629005432, 0.41897234320640564, 0.4071146249771118, 0.43478259444236755, 0.4268774688243866, 0.395256906747818, 0.4308300316333771, 0.4268774688243866, 0.48221343755722046, 0.4426877498626709, 0.4150197505950928, 0.4150197505950928, 0.4387351870536804, 0.4229249060153961, 0.4387351870536804, 0.4624505937099457, 0.4110671877861023, 0.4426877498626709, 0.43478259444236755, 0.4545454680919647, 0.3754940629005432, 0.4743083119392395, 0.4466403126716614, 0.4426877498626709, 0.4624505937099457, 0.45059287548065186, 0.48221343755722046, 0.4426877498626709, 0.4268774688243866, 0.48221343755722046, 0.4268774688243866, 0.4545454680919647, 0.38339921832084656, 0.4426877498626709, 0.4308300316333771, 0.4150197505950928, 0.4229249060153961, 0.4268774688243866, 0.4584980309009552, 0.4584980309009552, 0.4387351870536804, 0.4268774688243866, 0.4268774688243866, 0.4426877498626709, 0.4229249060153961, 0.4743083119392395, 0.45059287548065186, 0.39920949935913086, 0.4466403126716614, 0.4901185631752014], "val_loss": [1.7530834674835205, 1.6342203617095947, 1.6906237602233887, 1.6114928722381592, 1.78226637840271, 1.6508009433746338, 1.6091272830963135, 1.5640255212783813, 1.5608056783676147, 1.6573797464370728, 1.6113452911376953, 1.5526361465454102, 1.5399022102355957, 1.5392528772354126, 1.5477181673049927, 1.6193777322769165, 1.5570847988128662, 1.5905574560165405, 1.5856962203979492, 1.6560763120651245, 1.5637249946594238, 1.6311777830123901, 1.5517528057098389, 1.600669264793396, 1.5275018215179443, 1.544443964958191, 1.5213143825531006, 1.5519006252288818, 1.5449448823928833, 1.499429702758789, 1.513200283050537, 1.5824549198150635, 1.5567644834518433, 1.5527839660644531, 1.5581274032592773, 1.5255504846572876, 1.5424561500549316, 1.55537748336792, 1.5357426404953003, 1.5242544412612915, 1.5249724388122559, 1.5138537883758545, 1.502197265625, 1.5029518604278564, 1.5547809600830078, 1.4998210668563843, 1.532982349395752, 1.5016709566116333, 1.486284613609314, 1.4786291122436523, 1.4841816425323486, 1.5015218257904053, 1.4828590154647827, 1.4737886190414429, 1.4639050960540771, 1.4996052980422974, 1.5152593851089478, 1.4673211574554443, 1.4633859395980835, 1.4686905145645142, 1.4548470973968506, 1.4473472833633423, 1.4714758396148682, 1.4369518756866455, 1.4425418376922607, 1.4367725849151611, 1.530410647392273, 1.425271987915039, 1.4588104486465454, 1.4179047346115112, 1.4298770427703857, 1.4359642267227173, 1.4235478639602661, 1.4477049112319946, 1.448960542678833, 1.4209529161453247, 1.4947659969329834, 1.4878568649291992, 1.5211735963821411, 1.4715545177459717, 1.4611108303070068, 1.4716289043426514, 1.499762773513794, 1.499295949935913, 1.4572087526321411, 1.4434003829956055, 1.438518762588501, 1.5036829710006714, 1.4556257724761963, 1.4539752006530762, 1.4646563529968262, 1.4243625402450562, 1.4589216709136963, 1.4606144428253174, 1.4456427097320557, 1.4457334280014038]}