{"accuracy": [0.3087071180343628, 0.39006155729293823, 0.42084431648254395, 0.47141599655151367, 0.49472296237945557, 0.5171504020690918, 0.5307827591896057, 0.5518909692764282, 0.5650835633277893, 0.6020228862762451, 0.6108179688453674, 0.6090589165687561, 0.6213720440864563, 0.6332454085350037, 0.6574318408966064, 0.6565523147583008, 0.6640281677246094, 0.6530343294143677, 0.6912928819656372, 0.6723834872245789, 0.6912928819656372, 0.6890941262245178, 0.7018469572067261, 0.7119613289833069, 0.7304309606552124, 0.7128407955169678, 0.698768675327301, 0.7299911975860596, 0.7220756411552429, 0.7330694794654846, 0.7445030808448792, 0.7427440881729126, 0.7313104867935181, 0.7484608888626099, 0.7510994076728821, 0.7559366822242737, 0.7409850358963013, 0.7854001522064209, 0.8003517985343933, 0.7849604487419128, 0.774846076965332, 0.7638522386550903, 0.7871592044830322, 0.8078275918960571, 0.7862796783447266, 0.7941952347755432, 0.804309606552124, 0.7880386710166931, 0.8003517985343933, 0.8148636817932129, 0.8157432079315186, 0.7783641219139099, 0.8135443925857544, 0.8029903173446655, 0.8095866441726685, 0.8192611932754517, 0.8179419636726379, 0.8205804824829102, 0.80826735496521, 0.8342128396034241, 0.8421283960342407, 0.8443271517753601, 0.8496042490005493, 0.8447669148445129, 0.8245382308959961, 0.8223394751548767, 0.8416886329650879, 0.8588390350341797, 0.8271768093109131, 0.8465259671211243, 0.840809166431427, 0.8232190012931824, 0.8117853999137878, 0.840809166431427, 0.8452066779136658, 0.8540017604827881, 0.8658751249313354, 0.8821460008621216, 0.8821460008621216, 0.8518030047416687, 0.8254177570343018, 0.8693931102752686, 0.8623570799827576, 0.8724713921546936, 0.8333333134651184, 0.8654353618621826, 0.8702726364135742, 0.8733509182929993, 0.8526824712753296, 0.6130167245864868, 0.7598944306373596, 0.8034300804138184, 0.8443271517753601, 0.8553210496902466, 0.8548812866210938, 0.8601583242416382, 0.8742304444313049, 0.8663148880004883], "loss": [1.6587117910385132, 1.5294239521026611, 1.4275555610656738, 1.3487719297409058, 1.294672966003418, 1.2767260074615479, 1.2132017612457275, 1.1679364442825317, 1.1195363998413086, 1.0485366582870483, 1.042731761932373, 1.0503631830215454, 1.0320477485656738, 1.0279597043991089, 0.9361167550086975, 0.9295938611030579, 0.9170783758163452, 0.9350146651268005, 0.839471697807312, 0.8827009201049805, 0.836114227771759, 0.8375808596611023, 0.8287407755851746, 0.7953839302062988, 0.7499651908874512, 0.7691682577133179, 0.8092033267021179, 0.7475860118865967, 0.7681505680084229, 0.706333577632904, 0.7156727313995361, 0.6951779723167419, 0.7160273194313049, 0.6880317330360413, 0.6700240969657898, 0.6623743176460266, 0.7177402377128601, 0.5868446826934814, 0.5845765471458435, 0.5658037662506104, 0.6267064213752747, 0.6568417549133301, 0.5984606146812439, 0.535343587398529, 0.5841712951660156, 0.5567776560783386, 0.5167302489280701, 0.5793545246124268, 0.5519298315048218, 0.5190941691398621, 0.5228063464164734, 0.6311503648757935, 0.5262197256088257, 0.5267030596733093, 0.5291857719421387, 0.5016517043113708, 0.5076521039009094, 0.48489853739738464, 0.5068463683128357, 0.44320395588874817, 0.43169450759887695, 0.4214479625225067, 0.4399394989013672, 0.4379497766494751, 0.46127966046333313, 0.5090632438659668, 0.4195951223373413, 0.40389564633369446, 0.46652138233184814, 0.43247178196907043, 0.42025554180145264, 0.49770766496658325, 0.5403926372528076, 0.42009517550468445, 0.42145195603370667, 0.3873703181743622, 0.3656386435031891, 0.34104642271995544, 0.3374769687652588, 0.42292124032974243, 0.4757620692253113, 0.3710845410823822, 0.41772812604904175, 0.35013142228126526, 0.45904722809791565, 0.3434136211872101, 0.3607383072376251, 0.35733896493911743, 0.4208217263221741, 1.062502384185791, 0.6598623991012573, 0.5689025521278381, 0.42903220653533936, 0.4055284857749939, 0.4100426733493805, 0.40538591146469116, 0.3625369369983673, 0.37394389510154724], "val_accuracy": [0.33992093801498413, 0.45059287548065186, 0.45059287548065186, 0.5256916880607605, 0.5612648129463196, 0.5533596873283386, 0.5454545617103577, 0.5138339996337891, 0.6284584999084473, 0.6719367504119873, 0.6561264991760254, 0.6561264991760254, 0.6324110627174377, 0.6679841876029968, 0.6798418760299683, 0.7154150009155273, 0.6996047496795654, 0.6363636255264282, 0.6996047496795654, 0.7430830001831055, 0.7351778745651245, 0.7193675637245178, 0.731225311756134, 0.731225311756134, 0.6837944388389587, 0.7272727489471436, 0.5968379378318787, 0.7154150009155273, 0.7509881258010864, 0.7588932514190674, 0.739130437374115, 0.7233201861381531, 0.7667984366416931, 0.7430830001831055, 0.7707509994506836, 0.7549406886100769, 0.7351778745651245, 0.7786561250686646, 0.7667984366416931, 0.7667984366416931, 0.747035562992096, 0.7114624381065369, 0.747035562992096, 0.739130437374115, 0.7667984366416931, 0.8142292499542236, 0.7549406886100769, 0.7984189987182617, 0.731225311756134, 0.7707509994506836, 0.6916996240615845, 0.7628458738327026, 0.7865612506866455, 0.7786561250686646, 0.782608687877655, 0.7747035622596741, 0.782608687877655, 0.8142292499542236, 0.790513813495636, 0.731225311756134, 0.7628458738327026, 0.7154150009155273, 0.7865612506866455, 0.7667984366416931, 0.8260869383811951, 0.7865612506866455, 0.7628458738327026, 0.7865612506866455, 0.7588932514190674, 0.8221343755722046, 0.7984189987182617, 0.8260869383811951, 0.7865612506866455, 0.8379446864128113, 0.8221343755722046, 0.8537549376487732, 0.8221343755722046, 0.8300395011901855, 0.8063241243362427, 0.8023715615272522, 0.8418972492218018, 0.7865612506866455, 0.8339921236038208, 0.8418972492218018, 0.8577075004577637, 0.8221343755722046, 0.8102766871452332, 0.7984189987182617, 0.4426877498626709, 0.7233201861381531, 0.8142292499542236, 0.8102766871452332, 0.8181818127632141, 0.8339921236038208, 0.8379446864128113, 0.8300395011901855, 0.7549406886100769, 0.8102766871452332], "val_loss": [1.6983721256256104, 1.5235553979873657, 1.4208576679229736, 1.2606436014175415, 1.1116678714752197, 1.1990642547607422, 1.1016405820846558, 1.3016891479492188, 1.030338168144226, 0.8749223947525024, 0.9233832955360413, 0.9455013871192932, 0.9711210131645203, 0.8861805200576782, 0.962810754776001, 0.7768759727478027, 0.8200227618217468, 0.9354733228683472, 0.8403151035308838, 0.7248036861419678, 0.7608026266098022, 0.8033644556999207, 0.8510947227478027, 0.8029894232749939, 0.9168787598609924, 0.7792342305183411, 1.1311774253845215, 0.7355138659477234, 0.7003095746040344, 0.6534920334815979, 0.7410833239555359, 0.7728255391120911, 0.6892441511154175, 0.6687521934509277, 0.7044276595115662, 0.6773290634155273, 0.8314936757087708, 0.7090332508087158, 0.6785033345222473, 0.6586290001869202, 0.7643792033195496, 0.8433440923690796, 0.7552667856216431, 0.7537049055099487, 0.6236991286277771, 0.5821297764778137, 0.6746004819869995, 0.6163861751556396, 0.8492821455001831, 0.6796650886535645, 1.2881284952163696, 0.6194877028465271, 0.6038956642150879, 0.5982299447059631, 0.6339491009712219, 0.7483198642730713, 0.6289404034614563, 0.6275980472564697, 0.6459506154060364, 0.8089785575866699, 0.900287389755249, 0.7453101277351379, 0.7699155211448669, 0.7301273941993713, 0.5871239900588989, 0.5875952243804932, 0.7685384750366211, 0.7321606278419495, 0.692619264125824, 0.6611388921737671, 0.6960455179214478, 0.6472676992416382, 0.662335991859436, 0.48746228218078613, 0.5504387021064758, 0.5442085862159729, 0.604629635810852, 0.6170294284820557, 0.6333698034286499, 0.5464917421340942, 0.5878254771232605, 0.5947930216789246, 0.5678920745849609, 0.538236141204834, 0.5171871185302734, 0.5612095594406128, 0.7125476002693176, 0.6873165369033813, 1.9982774257659912, 0.7850536704063416, 0.5809646248817444, 0.678629457950592, 0.5338212847709656, 0.5029213428497314, 0.4948784410953522, 0.5418546795845032, 0.8082499504089355, 0.5549872517585754]}