{"accuracy": [0.7058047652244568, 0.8201407194137573, 0.8359718322753906, 0.8702726364135742, 0.8759894371032715, 0.9006156325340271, 0.8865435123443604, 0.8795074820518494, 0.9274406433105469, 0.9155672788619995, 0.9226033687591553, 0.9441512823104858, 0.9261213541030884, 0.884344756603241, 0.8997361660003662, 0.9186455607414246, 0.9450308084487915, 0.9344766736030579, 0.9230430722236633, 0.9309586882591248, 0.9520668387413025, 0.9423922896385193, 0.9494283199310303, 0.9586631655693054, 0.9569041132926941, 0.9415127635002136, 0.9423922896385193, 0.9573438763618469, 0.9489885568618774, 0.963500440120697, 0.9498680830001831, 0.9648197293281555, 0.9744942784309387, 0.953386127948761, 0.9648197293281555, 0.9586631655693054, 0.9639402031898499, 0.9850483536720276, 0.9665787220001221, 0.9744942784309387, 0.9766930341720581, 0.9397537112236023, 0.9656991958618164, 0.9599823951721191, 0.9797713160514832, 0.9445910453796387, 0.9696570038795471, 0.9714159965515137, 0.9630606770515442, 0.9722955226898193, 0.9687774777412415, 0.9850483536720276, 0.9828495979309082, 0.9700967669487, 0.9749340415000916, 0.9784520864486694, 0.9551451206207275, 0.9696570038795471], "loss": [0.8497188091278076, 0.5418709516525269, 0.490680456161499, 0.3833557963371277, 0.3731347620487213, 0.2884519100189209, 0.350487619638443, 0.34401223063468933, 0.23818403482437134, 0.23984454572200775, 0.22633664309978485, 0.1827312856912613, 0.2071535587310791, 0.3560996651649475, 0.30899307131767273, 0.23414677381515503, 0.1821477711200714, 0.19155898690223694, 0.23267117142677307, 0.20014320313930511, 0.14573973417282104, 0.15485599637031555, 0.15224090218544006, 0.11776863783597946, 0.12329059839248657, 0.17989282310009003, 0.18234966695308685, 0.14489838480949402, 0.15014155209064484, 0.10953059047460556, 0.15047569572925568, 0.10985847562551498, 0.08345793187618256, 0.1345812827348709, 0.11331859976053238, 0.1299995481967926, 0.10322681069374084, 0.04973986744880676, 0.11214769631624222, 0.07677020877599716, 0.06607431173324585, 0.20348620414733887, 0.12012181431055069, 0.11427300423383713, 0.07134898006916046, 0.16509772837162018, 0.09836965799331665, 0.09176212549209595, 0.11390767991542816, 0.08708499372005463, 0.08630994707345963, 0.04729889705777168, 0.0565672367811203, 0.08158331364393234, 0.08425860106945038, 0.0714050754904747, 0.16935527324676514, 0.08220461755990982], "val_accuracy": [0.45059287548065186, 0.5177865624427795, 0.6916996240615845, 0.6561264991760254, 0.6086956262588501, 0.6205533742904663, 0.6758893132209778, 0.7193675637245178, 0.8774703741073608, 0.695652186870575, 0.8735178112983704, 0.9209486246109009, 0.687747061252594, 0.5256916880607605, 0.8774703741073608, 0.7786561250686646, 0.8537549376487732, 0.7233201861381531, 0.695652186870575, 0.8418972492218018, 0.9249011874198914, 0.8893280625343323, 0.7865612506866455, 0.9051383137702942, 0.7233201861381531, 0.7193675637245178, 0.7984189987182617, 0.8893280625343323, 0.8814229369163513, 0.8300395011901855, 0.8735178112983704, 0.8656126260757446, 0.8577075004577637, 0.731225311756134, 0.8814229369163513, 0.8063241243362427, 0.8695651888847351, 0.9169960618019104, 0.8932806253433228, 0.8695651888847351, 0.9090909361839294, 0.8853754997253418, 0.8616600632667542, 0.7865612506866455, 0.8735178112983704, 0.731225311756134, 0.9169960618019104, 0.9169960618019104, 0.8221343755722046, 0.8339921236038208, 0.9169960618019104, 0.9367588758468628, 0.8181818127632141, 0.7667984366416931, 0.9209486246109009, 0.8814229369163513, 0.8142292499542236, 0.9169960618019104], "val_loss": [5.349277496337891, 2.707602024078369, 1.313077449798584, 2.4475395679473877, 1.5781522989273071, 1.4996975660324097, 1.4668209552764893, 1.0204414129257202, 0.5643582344055176, 1.3125380277633667, 0.42748844623565674, 0.38332399725914, 1.1264822483062744, 2.640526056289673, 0.4527081251144409, 0.9328942894935608, 0.44822144508361816, 1.2658284902572632, 1.2555034160614014, 0.5710995197296143, 0.26967743039131165, 0.4778815507888794, 0.8275003433227539, 0.47650742530822754, 1.6745045185089111, 1.1012487411499023, 0.8645010590553284, 0.4280475676059723, 0.3826441466808319, 0.6146039962768555, 0.37403401732444763, 0.44734326004981995, 0.5267966389656067, 1.1871088743209839, 0.44138103723526, 0.9852372407913208, 0.7743678689002991, 0.288877010345459, 0.43874049186706543, 0.5485091209411621, 0.38118425011634827, 0.47249019145965576, 0.6640875935554504, 1.0403070449829102, 0.48915135860443115, 0.9129301905632019, 0.3385351896286011, 0.2898359000682831, 0.6801811456680298, 0.8129580616950989, 0.36318710446357727, 0.31929609179496765, 1.1109493970870972, 1.2298511266708374, 0.24541215598583221, 0.5058289170265198, 0.9119861721992493, 0.24757300317287445]}